Rick and Morty Anatomy Park,6.12
The Ricks Must Be Crazy: Rick and Morty Multiverse Game,6.33
Rick and Morty The Rickshank Rickdemption Deck Building Game,6.62
Close Rick Counters of the Rick Kind Deck Building: Rick and Morty,6.6
Rick and Morty Look Who's Purging Now Card Game,6.24
A Game of Thrones: The Board Game (Second Edition),7.63
Cosmic Encounter (Revised Edition),
Marvel Champions: The Card Game,8.28
Star Wars: Outer Rim,7.78
Euphoria (With Game Trayz Insert),
Metal Lira Coins: Viticulture,
Between Two Cities,7.04
Scythe,7.4
Scythe: Metal Coins Upgrade Pack,
Scythe: Game Board Extension,
Scythe: Realistic Resources,
Scythe Modular Board,8.35
Scythe: The Wind Gambit,7.96
Scythe: The Legendary Box,
Scythe: The Rise of Fenris,8.8
Scythe Neoprene Playmat,
Scythe Encounter,8.13
Necromancer Island: Small World Exp,
Small World Sky Islands,7.8
Small World Race Collection: Cursed, Grand Dames & Royal,
River World: Small World Exp,
Tesla vs. Edison: Duel,6.8
Kanban Driver's Edition,7.85
Splendor (Space Cowboys),
Cities of Splendor (Splendor expansion),
Seasons,6.29
7 Wonders Cities,7.85
7 Wonders Leaders Expansion,8.27
Onitama Way of the Wind,7.68
Monopoly Speed,6.0
Monopoly Cheaters Edition,4.84
Risk 60th Anniversary Edition,
Stranger Things Back To The 80'S Trivial Pursuit,7.14
Sentinel Comics: The Roleplaying Game Starter Kit,
Gaslands: Refuelled,8.57
Teens in Space RPG,
Stranger Things Dungeons & Dragons Starter Set,
Unity RPG Core Rulebook,
Over the Edge RPG 3rd Edition,
Paranoia Core Starter Set RPG,
Doctor Who RPG Core Rulebook,
Deluxe Core Rulebook: Vampire: The Masquerade 5th Edition,
Fantasy Trip In the Labyrinth,
Fate of Cthulhu (Fate Core System),
7th Sea RPG: Core Rulebook,
Red Scare,5.13
King's Life,6.13
Shady Agents,7.17
Smart 10,4.1
Pirate Tricks,5.0
Abra Kazam,5.92
Fool!,6.5
Blank Marry Kill Geek Edition,
Museum Rush,6.8
Captain Marvel: Secret Skrulls,6.18
Secrets,7.38
Bite Your Tongue!,6.5
5211,4.24
Love Letter,7.24
Aquarius,6.03
Piratoons,6.44
Coup,8.18
Fuji Flush,6.57
Black Spy,6.3
Doctor Doctor,6.64
Palm Trees,5.89
Undead or Alive: Bang! The Dice Game,7.56
The Resistance: Avalon,7.6
The Resistance 3rd Edition,
When I Dream,7.12
Wallet,6.18
Gloom! Card Game 2nd Edition,
Daybreak: One Night Ultimate Werewolf Exp,
One Night Ultimate Alien,7.06
One Night Ultimate Werewolf,7.16
One Night Ultimate Vampire,6.74
Spyfall 2,7.05
Carpool Karaoke Game,7.4
One Night Ultimate Bonus Roles,8.03
One Night Ultimate Super Villains,6.97
Codenames Disney Family Edition,6.73
Codenames Marvel,6.34
Spyfall: Time Travel,7.09
Concept Boardgame,
Men at Work,7.36
Flanx,6.6
The Potion,4.0
Bon Appetit!,6.25
Mount Rushmore,5.88
Rainbow Knights,4.96
Le Boomb! Black,
Astro Trash,7.13
Arkham Horror: Final Hour,6.56
Evil High Priest,7.28
Dead of Winter: The Long Night,7.69
Arkham Horror Third Edition,7.78
Betrayal at House on the Hill,7.13
Smash City,5.17
Ghostbusters Blackout,7.73
Kung Fu Panda â€“ The Co-Operative Boardgame,
Specter Ops,7.25
Dungeon Saga: The Dwarf King's Quest Boxed Game,
The Legend of Drizzt Boardgame,
Wrath of Ashardalon Boardgame,7.08
Temple of Elemental Evil Board Game,7.43
Stuffed Fables,7.61
Mice and Mystics,7.33
Thunderstone Quest,7.98
Bastille,7.13
Agricola Family,7.17
Bremerhaven,
Ankh'or,7.06
The River,6.77
Solenia (was Sun Moon),
Nusfjord,7.57
Heaven & Ale,10.0
Jonathan Strange & Mr Norrell: A Board Game of English Magic,6.64
Franchise,
Jiguan,6.84
Trial of the Temples,6.88
Murano,7.24
Prehistory,6.3
Reykholt,6.8
World Without End,7.27
Coimbra,7.71
Lords of Waterdeep,7.76
Clans of Caledonia,8.03
Era: Medieval Age,
Imperial Settlers: Empires of the North,7.71
At The Gates of Loyang,7.38
Tapestry,6.5
Kivi,7.13
Smoothies,6.56
Tag City,7.0
Harvest Dice,6.72
Imperial Settlers: Roll & Write,6.56
Astro Drive,6.47
Villainy: Doom-Dealer Doers of Dastardly Deeds,
Dicebot Megafun,5.77
Sherlock: The Tomb of The Archaeologist,6.89
Mined Out!,5.83
Sherlock: Death on The 4th of July,6.73
Sherlock: Last Call,6.98
Atlandice,5.59
Shadows: Amsterdam,6.71
Blossoms,6.89
K'uh Nah,6.74
Last Heroes,4.48
Nobjects,6.53
Ghostbusters Card Game,5.84
Rhino Hero Action- Active Kids,
Ghosts of the Moor,6.13
World Shapers,5.8
Grifters Nexus,7.04
Orbis - Playmat,
Costa Ruana,6.33
The Curse of Misfortune Lane,6.94
Hokkaido,5.09
Bahamas,6.1
Lindisfarne,7.29
Cool Catch,6.08
Phoenix: Dawn Command,7.63
Little Book of Battle Mats,
Tides of Madness,6.86
Rune,7.5
Dicium,7.07
Sherlock Express,6.08
Villageo,7.83
Gang of Four,6.61
Dream Catchers,6.85
The Crystal Maze Eastern Zone Mini Game,
Hafid's Grand Bazaar,6.89
Star Realms: Colony Wars (stand alone),
Curio: The Lost Temple,5.83
Cat Cafe,6.79
3 Secrets: Crime Time,6.6
Corinth,7.86
Super Punch Fighter,6.05
Embark,7.16
Abyss Conspiracy (Random colour selection),
Dead & Breakfast,5.94
Age of Towers (Core Box),
Men In Black: Undercover,5.0
The Lady and the Tiger,6.84
Time Chase,6.57
Orbis,6.75
Ghosts Love Candy,6.6
Gameception,7.13
Maiden's Quest,6.98
Vintage Racers,6.52
High Society,7.02
Azul: Crystal Mosaic EXP,
The Fox in the Forest Duet,7.5
Big Dig,6.23
Shards of Infinity Deck Building Game,
Gnomeland,5.44
Quarmageddon: Quarriors,7.37
Comanauts: An Adventure Book Game,
Gingerbread House,7.02
Skull,5.5
Ruthless,5.85
Einstein,
Everyone Loves a Parade,6.39
Small World Race Collection: Cursed, Grand Dames & Royal,
Shikoku,8.09
Space Gate Odyssey,7.22
Cogs and Commissars,6.22
Expedition Luxor,6.1
Lancelot,
Sovereign's Chain,5.97
The Ricks Must Be Crazy: Rick and Morty Multiverse Game,6.33
Neom,7.41
Costume Party Assassins,6.83
Fire in the Library,6.8
New Corp Order,6.84
Potemkin Empire,6.6
Processing: A Game of Serving Humanity,7.02
Gen7: A Crossroads Game,6.47
Chocolatiers,6.62
Tricky Tides,7.04
Patchwork,7.67
BarBEARian Battlegrounds,6.32
The Grimm Masquerade,7.13
Sonar Family,7.17
Shadows of Macao,6.22
Barenpark,5.73
Celestia,
Godsforge,6.63
Realm of Sand,5.61
Futuropia,6.37
Escape Tales: The Awakening,7.36
Cash N' Guns,6.59
Dice Forge,7.3
U.S. Telegraph,6.98
Inuit The Snow Folk,6.96
Spymaster,7.75
Walls of York,6.19
Skylands,6.78
Wooly Whammoth,6.5
Fuse,7.07
Teotihuacan Late Preclassic Period Expansion,
Thieves Den,5.2
Magnificent Flying Machines,6.39
A Tale of Pirates- 2nd Edition,
The Boldest,6.33
Fine Sand,6.75
Europa Base Alpha,7.03
Meeple Circus,7.13
Super Camelot,6.79
Conspiracy The Solomon Gambit,6.84
Caravan,2.33
Ancient Terrible Things (2nd Ed),
The Towers of Arkhanos,6.98
Hand of Fate: Ordeals,7.38
Championship Formula Racing,7.7
Steam Pirates,5.6
Dice Settlers,7.02
The Ancient World Second Edition,7.69
Small World Underground,7.28
The Grizzled: Armistice Edition,7.89
Anachrony Essential Edition,8.08
Pret A Porter,7.39
Everdell,8.05
Big City: 20th Anniversary Jumbo Edition,7.79
River World: Small World Exp,
Palaces,9.0
The Great City of Rome,6.46
Holding On: The Troubled Life of Billy Kerr,6.3
King's Struggle,5.96
Shadow Blocks,6.34
Age of Conan - The Strategy Boardgame,
Last Friday,6.48
